{
    "lolkey": "FauzanBotz",
    "vhtearkey": "FauzanBotz",
    "zekskey": "NinoWangy",
    "xteamkey": "FuzBot1",
    "owner": "6288802111389",
    "ownerName": "Fauzan",
    "gamewaktu": 60,
    "botName": "Fauzan Botz",
    "ownerNumber": "'6288802111389@s.whatsapp.net', '6288286421519@s.whatsapp.net', '447441411493@s.whatsapp.net",
    "txtDonasi": "GoPay : Qris\nSaweeria : https://saweria.co/FauzanStore\nDana : 088286421519",
    "txtSewabot": "Sewabot\n10k Perbulan\nGoPay : Qris\nDana : 088286421519\nMinat Hub\nwa.me/6288802111389\nhttps://instagram.com/nino.chan26",
    "gcount": 20
}
